<?xml version="1.0" encoding="UTF-8"?>
<mule xmlns="http://www.mulesoft.org/schema/mule/core"
      xmlns:xsi="http://www.w3.org/2001/XMLSchema-instance"
      xmlns:http="http://www.mulesoft.org/schema/mule/http"
      xmlns:context="http://www.springframework.org/schema/context"
      xmlns:ee="http://www.mulesoft.org/schema/mule/ee/core"
      xmlns:json="http://www.mulesoft.org/schema/mule/json"
      xmlns:objectstore="http://www.mulesoft.org/schema/mule/objectstore"
      xmlns:batch="http://www.mulesoft.org/schema/mule/batch"
      xmlns:tcp="http://www.mulesoft.org/schema/mule/tcp"
      xsi:schemaLocation="
      http://www.springframework.org/schema/context http://www.springframework.org/schema/context/spring-context-current.xsd
      http://www.mulesoft.org/schema/mule/core http://www.mulesoft.org/schema/mule/core/current/mule.xsd
      http://www.mulesoft.org/schema/mule/objectstore http://www.mulesoft.org/schema/mule/objectstore/current/mule-objectstore.xsd
      http://www.mulesoft.org/schema/mule/http http://www.mulesoft.org/schema/mule/http/current/mule-http.xsd
	  http://www.mulesoft.org/schema/mule/json http://www.mulesoft.org/schema/mule/json/current/mule-json.xsd
	  http://www.mulesoft.org/schema/mule/tcp http://www.mulesoft.org/schema/mule/tcp/current/mule-tcp.xsd
	  http://www.mulesoft.org/schema/mule/batch http://www.mulesoft.org/schema/mule/batch/current/mule-batch.xsd
	  http://www.mulesoft.org/schema/mule/ee/core http://www.mulesoft.org/schema/mule/ee/core/current/mule-ee.xsd">

    <context:property-placeholder location="classpath:splunk-aggregator.${env}.properties"/>

    <http:request-config name="CloudHub"
                         basePath="/" host="${cloudhub.host}"
                         port="${cloudhub.port}" protocol="HTTPS"/>

    <objectstore:config name="RecordIdObjectStore"/>

    <ee:object-store-caching-strategy entryTTL="3000000" name="ExpirableCachingStrategy"/>

    <tcp:connector name="SplunkTCP" keepSendSocketOpen="true">
        <tcp:direct-protocol payloadOnly="true"/>
    </tcp:connector>

    <flow name="AggregatorJob" processingStrategy="synchronous">
        <poll>
            <fixed-frequency-scheduler frequency="${polling.frequency}" timeUnit="MILLISECONDS"/>
            <set-payload value="xxx"/>
        </poll>

        <flow-ref name="Login"/>
        <flow-ref name="ListApplications"/>

        <foreach collection="#[flowVars['applicationsList']]">
            <set-variable variableName="appDomain" value="#[message.payload['domain']]"/>

            <choice>
                <when expression="#[flowVars['appDomain'] != 'splunk-aggregator']">

                    <logger level="INFO" message="Getting logs for app #[message.payload['domain']]"/>

                    <objectstore:retrieve key="#[flowVars['appDomain']]"
                                          defaultValue-ref="#['']"
                                          targetProperty="lowerId" targetScope="INVOCATION"
                                          config-ref="RecordIdObjectStore"/>

                    <expression-component>
                        Map request = new HashMap();
                        request.put("upperId", "");
                        request.put("lowerId", flowVars['lowerId']);
                        request.put("descending", new Boolean(false));
                        request.put("limit", new Integer(10000));

                        payload = request;
                    </expression-component>

                    <json:object-to-json-transformer/>
                    <logger level="DEBUG" message="Logs Request #[message.payload]"/>

                    <http:request path="/cloudhub/api/v2/applications/#[flowVars['appDomain']]/logs" method="POST"
                                  config-ref="CloudHub">
                        <http:request-builder>
                            <http:header headerName="Authorization" value="#['Bearer ' + flowVars['bearerToken']]"/>
                            <http:header headerName="X-ANYPNT-ENV-ID" value="${environment.id}"/>
                            <http:header headerName="Content-Type" value="application/json"/>
                        </http:request-builder>
                    </http:request>

                    <object-to-string-transformer/>
                    <logger level="DEBUG" message="New Logs: #[message.payload]"/>
                    <json:json-to-object-transformer returnClass="java.util.List"/>

                    <enricher target="#[flowVars['upd']]">
                        <choice>
                            <when expression="#[message.payload.size() != 0]">
                                <enricher target="#[flowVars[store]]">
                                    <processor-chain>
                                        <set-variable variableName="lastRecord"
                                                      value="#[message.payload.get(message.payload.size() - 1)]"/>
                                        <objectstore:store key="#[flowVars['appDomain']]"
                                                           value-ref="#[flowVars['lastRecord']['recordId']]"
                                                           config-ref="RecordIdObjectStore" overwrite="true"/>
                                    </processor-chain>
                                </enricher>
                                <!-- Call Batch Job -->
                                <batch:execute name="PushLogsToSplunk"/>
                            </when>
                            <otherwise>
                                <logger level="INFO" message="No new records"/>
                            </otherwise>
                        </choice>
                    </enricher>
                </when>
                <otherwise>
                    <logger level="DEBUG" message="Not aggregating my own logs"/>
                </otherwise>

            </choice>

        </foreach>

    </flow>

    <batch:job name="PushLogsToSplunk" max-failed-records="-1">
        <batch:threading-profile poolExhaustedAction="WAIT"/>

        <batch:process-records>
            <batch:step name="formatEntry">
                <logger level="DEBUG" message="BEFORE ParseTemplate"/>
                <parse-template location="message.template"/>
                <logger level="DEBUG" message="AFTER ParseTemplate #[message.payload]"/>
            </batch:step>

            <batch:step name="pushToSplunk">
                <set-payload value="#[message.payload + '\n']"/>
                <logger level="DEBUG" message="Message #[message.payload]"/>
                <tcp:outbound-endpoint host="${splunk.ip}" port="${splunk.port}"/>
                <logger level="DEBUG" message="Message uploaded to Splunk"/>
            </batch:step>
        </batch:process-records>

    </batch:job>

    <flow name="Login" processingStrategy="synchronous">
        <enricher target="#[flowVars['bearerToken']]">
            <processor-chain>
                <set-payload value="#['']"/>
                <ee:cache cachingStrategy-ref="ExpirableCachingStrategy">
                    <http:request path="/accounts/login" method="POST" config-ref="CloudHub">
                        <http:request-builder>
                            <http:query-param paramName="username" value="${cloudhub.user}"/>
                            <http:query-param paramName="password" value="${cloudhub.password}"/>
                        </http:request-builder>
                    </http:request>
                    <object-to-string-transformer/>
                    <json:json-to-object-transformer returnClass="java.util.Map"/>
                    <set-payload value="#[message.payload['access_token']]"/>
                    <logger level="INFO" message="Bearer Token is #[message.payload]"/>
                </ee:cache>
            </processor-chain>
        </enricher>
    </flow>

    <flow name="ListApplications" processingStrategy="synchronous">
        <enricher target="#[flowVars['applicationsList']]">
            <processor-chain>
                <set-payload value="#['APPS']"/>
                <ee:cache cachingStrategy-ref="ExpirableCachingStrategy">

                    <http:request path="/cloudhub/api/v2/applications" method="GET" config-ref="CloudHub">
                        <http:request-builder>
                            <http:header headerName="Authorization" value="#['Bearer ' + flowVars['bearerToken']]"/>
                            <http:header headerName="X-ANYPNT-ENV-ID" value="${environment.id}"/>
                        </http:request-builder>
                    </http:request>

                    <object-to-string-transformer/>
                    <!--<logger level="INFO" message="Apps list is #[message.payload]"/>-->
                    <json:json-to-object-transformer returnClass="java.util.List"/>
                </ee:cache>
            </processor-chain>
        </enricher>
    </flow>

</mule>